player_id,season,team_id,games_played,ppg,rpg,apg,spg,bpg,fg_pct,fg3_pct,ft_pct,minutes,tov,player_efficiency
2544,2025,1610612747,70,24.4,7.8,8.2,1.0,0.6,0.513,0.376,0.782,34.9,3.7,0.5
101108,2025,1610612759,82,8.8,3.6,7.4,1.3,0.3,0.427,0.377,0.924,28.0,1.6,0.2
200768,2025,1610612755,35,3.9,1.9,2.7,0.9,0.3,0.35,0.33,0.818,18.8,0.6,0.3
200782,2025,1610612752,3,3.0,2.7,0.0,0.3,0.3,0.429,0.5,0.0,19.3,0.3,2.0
201142,2025,1610612756,62,26.6,6.0,4.2,0.8,1.2,0.527,0.43,0.839,36.5,3.1,0.6
201143,2025,1610612738,60,9.0,6.2,2.1,0.6,0.9,0.423,0.363,0.895,27.6,0.8,0.3
201144,2025,1610612750,71,8.2,2.6,4.5,1.1,0.2,0.4,0.41,0.9,24.7,1.1,0.2
201145,2025,1610612745,32,5.4,1.8,0.6,0.2,0.1,0.504,0.367,0.808,12.4,0.3,0.2
201566,2025,1610612743,75,13.3,4.9,6.1,1.4,0.5,0.449,0.323,0.661,27.9,3.2,0.3
201567,2025,1610612748,23,5.3,4.1,1.0,0.7,0.2,0.357,0.358,0.696,10.9,0.6,0.5
201569,2025,1610612755,39,6.8,1.2,1.7,0.7,0.3,0.426,0.409,0.75,19.7,0.7,0.3
201572,2025,1610612749,80,13.0,5.0,1.8,0.6,1.9,0.509,0.373,0.826,31.8,1.1,0.3
201587,2025,1610612746,78,4.0,2.8,1.1,0.7,0.5,0.437,0.433,0.81,17.5,0.4,0.1
201599,2025,1610612743,56,3.7,5.1,0.9,0.3,0.5,0.65,0.0,0.422,12.3,0.7,0.2
201935,2025,1610612746,79,22.8,5.8,8.7,1.5,0.7,0.41,0.352,0.874,35.3,4.3,0.4
201939,2025,1610612744,70,24.5,4.4,6.0,1.1,0.4,0.448,0.397,0.933,32.2,2.9,0.5
201942,2025,1610612758,77,22.2,3.9,4.4,0.8,0.4,0.477,0.328,0.857,35.9,1.4,0.4
201949,2025,1610612754,12,0.7,0.5,0.3,0.0,0.2,0.364,0.0,0.0,3.1,0.3,0.1
201950,2025,1610612738,62,11.1,4.3,3.9,1.1,0.4,0.443,0.353,0.909,30.6,1.2,0.3
201959,2025,1610612766,37,2.9,3.2,0.6,0.2,0.5,0.495,0.5,0.6,11.1,0.7,0.2
201988,2025,1610612746,29,3.8,0.8,0.9,0.4,0.1,0.375,0.347,0.929,11.1,0.6,0.2
202066,2025,1610612761,28,1.9,1.0,1.1,0.6,0.1,0.3,0.214,0.917,8.1,0.4,0.2
202331,2025,1610612755,41,16.2,5.3,4.3,1.8,0.5,0.43,0.358,0.814,32.5,2.6,0.6
202681,2025,1610612742,50,24.7,4.8,4.6,1.3,0.5,0.473,0.401,0.916,36.1,2.2,0.7
202684,2025,1610612739,40,1.7,3.4,0.6,0.1,0.3,0.437,0.0,0.233,8.2,0.4,0.1
202685,2025,1610612758,81,10.4,7.7,2.0,0.5,0.6,0.55,0.216,0.879,18.8,1.5,0.2
202687,2025,1610612759,28,5.1,5.6,1.1,0.6,0.8,0.588,0.0,0.4,18.8,1.0,0.4
202691,2025,1610612742,72,14.0,3.4,2.0,0.7,0.4,0.412,0.391,0.905,27.3,1.2,0.3
202692,2025,1610612748,49,7.3,2.5,1.1,0.6,0.1,0.424,0.425,0.776,17.6,0.6,0.2
202693,2025,1610612747,15,3.7,1.5,1.4,0.1,0.2,0.3,0.25,0.833,11.0,0.3,0.4
202695,2025,1610612746,37,21.5,5.9,3.1,1.6,0.5,0.498,0.411,0.81,31.9,1.9,0.8
202696,2025,1610612741,73,18.5,10.1,3.5,0.8,0.7,0.53,0.402,0.805,31.2,1.6,0.4
202699,2025,1610612765,73,13.7,5.9,2.2,1.0,0.8,0.477,0.345,0.861,31.6,1.2,0.3
202704,2025,1610612755,31,4.4,1.4,1.5,0.5,0.1,0.391,0.338,0.778,12.4,0.5,0.2
202709,2025,1610612753,50,3.5,1.5,1.4,0.5,0.1,0.403,0.364,0.778,12.2,0.4,0.1
202710,2025,1610612744,55,17.5,5.4,5.4,1.4,0.3,0.504,0.308,0.842,31.7,1.3,0.5
203076,2025,1610612742,51,24.7,11.6,3.5,1.2,2.2,0.516,0.282,0.775,33.4,2.2,0.8
203078,2025,1610612756,53,17.0,3.3,3.7,1.1,0.5,0.497,0.386,0.803,32.1,1.9,0.4
203081,2025,1610612749,58,24.9,4.7,7.1,1.2,0.2,0.448,0.376,0.921,36.1,2.8,0.6
203083,2025,1610612755,40,7.3,7.8,0.9,1.0,0.5,0.5,0.15,0.622,18.8,1.4,0.4
203084,2025,1610612759,82,12.3,3.8,1.7,0.5,0.2,0.508,0.433,0.809,27.2,0.6,0.2
203109,2025,1610612758,9,2.6,2.2,0.7,0.3,0.0,0.318,0.267,0.833,11.4,0.4,0.6
203110,2025,1610612744,68,9.0,6.1,5.6,1.5,1.0,0.424,0.325,0.687,29.2,2.6,0.3
203114,2025,1610612764,37,11.9,3.7,4.1,0.9,0.2,0.475,0.361,0.857,22.8,1.5,0.5
203458,2025,1610612747,46,1.6,2.1,0.8,0.2,0.5,0.508,0.222,0.471,8.3,0.4,0.1
203468,2025,1610612740,56,21.1,3.8,4.1,0.8,0.4,0.444,0.373,0.717,32.7,1.9,0.5
203471,2025,1610612765,75,13.1,2.6,5.4,0.9,0.2,0.406,0.342,0.838,28.1,1.9,0.3
203482,2025,1610612740,44,8.7,4.7,2.9,0.8,0.4,0.5,0.418,0.769,20.2,1.7,0.4
203484,2025,1610612753,77,8.7,2.2,1.8,1.3,0.4,0.439,0.342,0.863,29.6,0.8,0.2
203486,2025,1610612756,74,4.5,6.1,1.8,0.4,0.6,0.619,0.0,0.648,17.6,0.8,0.2
203497,2025,1610612750,72,12.0,10.9,1.8,0.8,1.4,0.669,0.0,0.674,33.2,1.2,0.4
203500,2025,1610612745,58,3.9,5.6,1.1,0.4,0.5,0.545,0.0,0.462,13.7,0.9,0.2
203501,2025,1610612765,77,11.0,2.4,1.6,0.5,0.1,0.406,0.368,0.855,28.0,0.6,0.2
203507,2025,1610612749,67,30.4,11.9,6.5,0.9,1.2,0.601,0.222,0.617,34.2,3.1,0.7
203552,2025,1610612766,68,6.5,1.7,0.9,0.4,0.1,0.478,0.456,0.846,15.6,0.5,0.1
203897,2025,1610612758,74,23.3,4.3,4.2,0.8,0.2,0.511,0.446,0.825,35.2,2.8,0.4
203901,2025,1610612740,24,3.5,3.3,6.9,1.0,0.5,0.328,0.167,0.571,21.3,2.5,0.5
203903,2025,1610612762,37,16.2,3.2,3.7,0.8,0.2,0.408,0.362,0.797,26.0,2.3,0.6
203914,2025,1610612753,48,3.0,1.3,0.6,0.5,0.3,0.383,0.356,0.583,14.8,0.4,0.1
203915,2025,1610612742,79,11.0,2.6,4.4,0.9,0.2,0.416,0.334,0.802,27.0,1.3,0.2
203924,2025,1610612757,47,14.4,3.5,2.1,0.9,1.0,0.373,0.365,0.849,32.4,1.4,0.4
203926,2025,1610612758,42,3.5,0.5,0.2,0.1,0.0,0.427,0.436,0.6,8.1,0.1,0.1
203932,2025,1610612743,51,14.7,4.8,3.2,0.5,0.3,0.531,0.436,0.81,28.4,1.4,0.4
203935,2025,1610612764,34,9.0,2.1,3.2,1.1,0.3,0.393,0.348,0.761,20.0,1.6,0.4
203937,2025,1610612748,61,5.9,3.4,2.4,0.7,0.5,0.469,0.357,0.738,16.4,0.6,0.2
203939,2025,1610612742,55,2.1,2.1,1.0,0.3,0.4,0.689,0.4,0.651,10.0,0.3,0.1
203944,2025,1610612750,69,18.7,7.1,4.7,0.7,0.2,0.485,0.344,0.806,32.3,2.8,0.4
203952,2025,1610612748,60,18.0,4.5,2.6,1.0,0.8,0.448,0.374,0.763,30.7,1.7,0.4
203954,2025,1610612755,19,23.8,8.2,4.5,0.7,0.9,0.444,0.299,0.882,30.2,3.3,1.8
203957,2025,1610612742,20,8.7,1.7,2.8,0.6,0.2,0.478,0.434,0.742,18.6,1.1,0.6
203967,2025,1610612743,16,3.5,3.1,1.4,0.4,0.1,0.362,0.269,0.7,13.1,0.9,0.5
203991,2025,1610612737,55,8.9,8.5,1.1,0.6,1.0,0.559,0.0,0.536,21.4,0.9,0.3
203992,2025,1610612746,54,10.8,2.9,2.7,0.8,0.2,0.427,0.363,0.879,25.0,1.4,0.3
203994,2025,1610612766,51,8.9,7.8,2.3,0.8,0.7,0.477,0.305,0.664,20.8,1.9,0.4
203995,2025,1610612756,41,6.6,2.2,3.1,0.4,0.0,0.348,0.36,0.829,19.1,1.9,0.3
203999,2025,1610612743,70,29.6,12.7,10.2,1.8,0.6,0.576,0.417,0.8,36.7,3.3,0.7
204001,2025,1610612738,42,19.5,6.8,2.1,0.7,1.5,0.483,0.412,0.809,28.8,1.3,0.7
204060,2025,1610612750,19,0.8,0.6,1.2,0.1,0.0,0.261,0.2,0.0,6.0,0.5,0.1
204456,2025,1610612754,79,9.1,2.4,4.4,1.1,0.3,0.519,0.306,0.74,17.9,1.4,0.2
1626143,2025,1610612754,1,0.0,1.0,1.0,0.0,0.0,0.0,0.0,0.0,3.4,0.0,2.0
1626145,2025,1610612756,81,10.2,2.4,5.3,0.9,0.1,0.448,0.414,0.895,26.8,1.1,0.2
1626153,2025,1610612752,40,3.1,1.7,1.9,0.9,0.3,0.344,0.274,0.6,15.9,0.6,0.2
1626156,2025,1610612751,58,12.6,2.8,5.1,1.0,0.4,0.39,0.314,0.834,25.5,1.9,0.3
1626157,2025,1610612752,72,24.4,12.8,3.1,1.0,0.7,0.526,0.42,0.829,35.0,2.7,0.5
1626158,2025,1610612764,31,7.4,5.7,1.4,0.3,0.7,0.647,0.0,0.833,17.2,0.7,0.5
1626162,2025,1610612755,60,15.1,6.1,1.8,1.5,0.5,0.47,0.293,0.751,34.6,1.3,0.4
1626164,2025,1610612756,75,25.6,4.1,7.1,0.9,0.2,0.461,0.332,0.894,37.3,2.9,0.5
1626166,2025,1610612752,72,6.9,1.4,2.8,0.5,0.2,0.401,0.363,0.907,15.1,0.7,0.2
1626167,2025,1610612754,72,15.6,6.5,1.5,0.8,2.0,0.481,0.396,0.773,30.2,1.7,0.3
1626168,2025,1610612758,69,6.5,4.6,1.2,0.6,0.3,0.42,0.34,0.7,19.6,0.6,0.2
1626171,2025,1610612749,49,13.9,8.4,2.1,0.7,0.5,0.466,0.365,0.836,25.4,1.2,0.5
1626172,2025,1610612744,76,4.5,6.1,1.6,0.6,0.5,0.514,0.4,0.566,15.0,0.5,0.2
1626179,2025,1610612748,64,10.6,3.7,2.6,0.6,0.2,0.391,0.295,0.852,25.9,1.2,0.3
1626181,2025,1610612746,60,21.8,3.2,2.1,1.2,0.2,0.484,0.418,0.804,32.6,1.8,0.4
1626192,2025,1610612749,41,5.3,2.7,1.7,0.2,0.3,0.469,0.321,0.774,14.7,0.6,0.2
1626196,2025,1610612748,8,4.0,1.5,1.5,1.0,0.1,0.289,0.273,1.0,18.7,1.0,0.9
1626204,2025,1610612737,24,8.5,4.3,1.6,0.8,0.5,0.516,0.447,0.692,19.3,0.7,0.6
1626220,2025,1610612756,75,9.1,4.7,2.2,0.9,0.5,0.423,0.406,0.731,24.5,0.9,0.2
1627732,2025,1610612746,51,5.0,4.7,5.6,0.7,0.5,0.52,0.0,0.727,22.0,2.0,0.3
1627734,2025,1610612758,70,19.1,13.9,6.0,0.7,0.4,0.59,0.417,0.754,34.7,2.9,0.5
1627736,2025,1610612765,82,16.3,2.6,1.7,0.9,0.1,0.43,0.416,0.679,27.8,1.0,0.3
1627739,2025,1610612746,74,6.4,3.4,2.8,1.7,0.4,0.439,0.335,0.682,24.1,1.0,0.2
1627741,2025,1610612744,82,11.1,3.2,1.6,0.8,0.3,0.417,0.37,0.828,22.7,1.1,0.2
1627742,2025,1610612761,18,22.2,5.6,5.2,0.9,0.6,0.465,0.374,0.855,33.1,3.8,1.7
1627746,2025,1610612758,4,1.3,0.8,0.3,0.0,0.0,0.5,1.0,0.0,3.0,0.0,0.6
1627747,2025,1610612737,64,12.1,3.2,3.4,0.9,0.5,0.467,0.373,0.71,24.9,1.2,0.3
1627749,2025,1610612740,31,17.5,6.5,7.4,2.0,0.4,0.393,0.299,0.823,32.6,3.4,1.0
1627750,2025,1610612743,67,21.4,3.9,6.0,1.4,0.5,0.474,0.393,0.886,36.1,2.1,0.5
1627751,2025,1610612761,57,14.5,9.6,2.8,1.2,1.2,0.627,0.333,0.674,29.6,1.9,0.5
1627752,2025,1610612749,80,8.2,3.6,1.9,1.0,0.2,0.457,0.439,0.813,27.1,1.0,0.2
1627759,2025,1610612738,63,22.2,5.8,4.5,1.2,0.3,0.463,0.324,0.764,34.3,2.6,0.5
1627763,2025,1610612764,24,12.7,3.8,4.1,0.5,0.2,0.433,0.286,0.88,23.5,1.6,0.8
1627777,2025,1610612737,79,9.9,3.4,1.4,0.4,0.2,0.461,0.406,0.793,21.5,1.0,0.2
1627780,2025,1610612744,62,6.5,3.0,1.3,0.8,0.3,0.574,0.326,0.711,15.0,0.6,0.2
1627783,2025,1610612754,78,20.2,6.9,3.4,0.9,0.5,0.519,0.389,0.734,32.7,1.4,0.4
1627814,2025,1610612756,25,3.3,0.8,0.4,0.2,0.0,0.365,0.243,0.952,5.8,0.4,0.2
1627824,2025,1610612755,70,11.0,5.6,2.1,0.8,0.3,0.501,0.38,0.725,27.1,1.2,0.3
1627826,2025,1610612746,80,16.8,12.6,2.7,0.7,1.1,0.628,0.0,0.661,32.8,1.6,0.4
1627827,2025,1610612747,63,8.7,3.9,1.4,0.9,0.4,0.448,0.411,0.667,28.9,0.9,0.2
1627832,2025,1610612745,60,14.1,3.7,5.6,1.6,0.4,0.378,0.345,0.81,35.2,1.5,0.4
1627884,2025,1610612746,77,10.1,3.4,0.8,1.0,0.4,0.526,0.356,0.703,24.3,0.9,0.2
1627936,2025,1610612760,54,7.1,2.9,2.5,1.6,0.6,0.446,0.353,0.824,19.3,0.7,0.3
1628365,2025,1610612758,21,2.9,1.0,1.3,0.5,0.1,0.418,0.5,1.0,8.8,0.7,0.2
1628366,2025,1610612741,35,7.6,3.4,3.3,1.3,0.5,0.366,0.344,0.815,22.2,1.2,0.4
1628368,2025,1610612759,62,23.5,4.8,6.3,1.5,0.4,0.463,0.31,0.827,36.1,2.8,0.5
1628369,2025,1610612738,72,26.8,8.7,6.0,1.1,0.5,0.452,0.343,0.814,36.4,2.9,0.6
1628370,2025,1610612758,65,17.2,3.8,5.6,0.9,0.6,0.439,0.325,0.865,31.6,2.4,0.4
1628371,2025,1610612753,71,5.4,4.4,0.6,0.9,1.1,0.414,0.258,0.682,15.4,0.5,0.2
1628374,2025,1610612762,47,19.0,5.9,1.5,0.7,0.4,0.423,0.346,0.876,31.4,1.4,0.6
1628378,2025,1610612739,71,24.0,4.5,5.0,1.3,0.2,0.443,0.368,0.823,31.4,2.1,0.5
1628379,2025,1610612763,65,8.9,2.8,3.3,0.8,0.1,0.478,0.433,0.895,22.6,1.1,0.2
1628380,2025,1610612741,64,6.4,4.5,1.7,0.5,0.5,0.507,0.302,0.885,15.3,0.9,0.2
1628381,2025,1610612762,40,19.0,8.2,2.0,1.0,1.0,0.527,0.399,0.848,30.5,2.6,0.7
1628384,2025,1610612752,74,18.0,4.8,2.2,1.5,0.9,0.476,0.372,0.81,36.6,1.4,0.4
1628386,2025,1610612739,82,13.5,9.7,1.9,0.9,0.9,0.706,0.0,0.718,28.0,1.2,0.3
1628389,2025,1610612748,78,18.1,9.6,4.3,1.3,0.7,0.485,0.357,0.765,34.3,2.1,0.4
1628392,2025,1610612760,57,11.2,10.7,3.8,0.8,1.1,0.581,0.0,0.675,27.9,1.7,0.5
1628396,2025,1610612754,14,4.4,3.0,0.4,0.1,0.6,0.644,0.333,0.333,8.1,0.4,0.6
1628398,2025,1610612749,65,14.8,5.7,2.3,0.6,0.3,0.436,0.307,0.634,29.8,2.2,0.3
1628401,2025,1610612738,76,16.4,4.5,4.8,0.9,1.1,0.442,0.384,0.839,33.9,1.7,0.3
1628404,2025,1610612752,77,13.6,9.6,5.9,1.5,0.4,0.525,0.333,0.776,37.6,2.1,0.4
1628408,2025,1610612750,9,0.8,0.6,0.6,0.1,0.0,0.667,0.667,0.167,3.9,0.1,0.2
1628415,2025,1610612745,75,14.0,3.7,1.7,0.8,0.2,0.429,0.397,0.818,31.8,1.0,0.3
1628418,2025,1610612754,66,6.5,3.8,0.8,0.4,0.6,0.508,0.324,0.859,14.6,0.5,0.2
1628420,2025,1610612756,45,5.2,1.5,1.6,0.4,0.1,0.426,0.36,0.857,12.7,0.5,0.2
1628427,2025,1610612743,13,1.8,2.5,0.7,0.2,0.2,0.385,0.267,0.0,10.4,0.8,0.4
1628436,2025,1610612738,73,6.0,5.3,1.6,0.5,1.0,0.668,0.0,0.691,18.6,0.4,0.2
1628449,2025,1610612761,50,10.0,4.5,0.7,0.5,0.5,0.492,0.363,0.782,17.2,0.6,0.3
1628464,2025,1610612740,38,4.3,4.3,1.6,0.5,0.5,0.473,0.243,0.838,16.3,0.7,0.3
1628467,2025,1610612747,34,3.0,2.8,1.3,0.3,0.5,0.385,0.265,0.762,18.7,0.7,0.2
1628470,2025,1610612738,26,4.2,2.8,0.7,0.3,0.5,0.422,0.364,0.667,12.1,0.3,0.3
1628960,2025,1610612756,64,10.6,3.0,2.1,0.8,0.3,0.448,0.426,0.816,24.1,1.2,0.2
1628963,2025,1610612763,31,4.4,2.7,0.4,0.3,0.3,0.519,0.158,0.657,8.6,0.4,0.2
1628964,2025,1610612740,32,4.3,4.5,0.6,0.3,1.0,0.464,0.278,0.704,12.9,0.6,0.3
1628969,2025,1610612752,82,17.6,3.2,3.7,0.9,0.5,0.5,0.354,0.814,37.0,1.6,0.3
1628970,2025,1610612766,64,20.3,7.5,3.9,0.7,0.7,0.431,0.313,0.87,31.7,2.1,0.5
1628971,2025,1610612740,41,8.3,4.0,2.0,0.8,0.2,0.421,0.333,0.815,22.5,1.0,0.3
1628973,2025,1610612752,65,26.0,2.9,7.3,0.9,0.1,0.488,0.383,0.821,35.4,2.5,0.5
1628975,2025,1610612741,36,4.3,1.1,1.1,0.4,0.1,0.377,0.333,0.8,8.9,0.3,0.2
1628976,2025,1610612753,68,9.1,7.2,2.0,0.8,0.6,0.46,0.234,0.737,25.9,1.1,0.3
1628978,2025,1610612750,62,11.7,3.7,3.6,1.2,0.3,0.422,0.397,0.778,25.9,1.6,0.3
1628981,2025,1610612761,17,3.4,3.0,1.1,0.2,0.5,0.531,0.0,0.75,8.6,0.8,0.4
1628983,2025,1610612760,76,32.7,5.0,6.4,1.7,1.0,0.519,0.375,0.898,34.2,2.4,0.6
1628988,2025,1610612745,62,5.5,1.3,1.3,0.3,0.2,0.437,0.398,0.829,12.8,0.6,0.1
1628989,2025,1610612741,69,9.9,3.0,2.3,1.0,0.3,0.425,0.338,0.714,24.3,1.0,0.2
1628991,2025,1610612763,74,22.2,5.6,2.0,1.2,1.5,0.488,0.375,0.781,29.8,2.1,0.4
1628995,2025,1610612744,14,3.3,1.2,0.4,0.1,0.3,0.5,0.267,0.75,6.0,0.3,0.4
1628997,2025,1610612742,45,7.9,3.9,2.1,1.0,0.5,0.424,0.359,0.622,27.1,1.2,0.3
1628998,2025,1610612756,53,6.8,4.2,2.0,1.1,0.6,0.418,0.285,0.705,22.1,1.0,0.3
1629001,2025,1610612751,6,10.3,3.3,2.8,1.2,0.3,0.407,0.371,0.625,20.2,1.7,2.7
1629003,2025,1610612747,57,5.5,1.8,1.8,0.4,0.1,0.453,0.358,0.797,14.7,0.7,0.2
1629004,2025,1610612762,38,8.8,2.4,2.0,0.5,0.2,0.391,0.345,0.8,20.0,1.4,0.3
1629006,2025,1610612766,40,7.1,2.8,0.8,1.2,0.5,0.443,0.348,0.741,15.6,0.8,0.3
1629008,2025,1610612743,77,18.2,7.0,2.1,0.6,0.5,0.504,0.395,0.768,33.7,1.4,0.4
1629011,2025,1610612752,17,5.1,5.9,0.8,0.9,1.1,0.661,0.0,0.684,17.1,0.6,0.8
1629012,2025,1610612762,63,18.4,2.7,4.2,0.7,0.1,0.48,0.406,0.865,27.9,2.5,0.4
1629013,2025,1610612752,50,5.7,1.2,0.5,0.5,0.0,0.461,0.397,0.667,15.2,0.4,0.1
1629014,2025,1610612757,70,19.3,2.7,4.8,0.9,0.1,0.426,0.363,0.902,32.7,2.0,0.4
1629018,2025,1610612749,74,11.1,2.3,1.2,1.0,0.1,0.431,0.416,0.848,25.6,0.6,0.2
1629020,2025,1610612747,36,4.1,5.1,1.1,1.0,0.3,0.488,0.281,0.556,16.1,0.8,0.3
1629021,2025,1610612753,30,12.9,4.9,1.4,0.8,0.4,0.562,0.36,0.718,18.8,1.6,0.6
1629022,2025,1610612755,20,12.4,3.2,2.5,0.5,0.3,0.42,0.354,0.8,23.8,1.3,0.9
1629023,2025,1610612742,57,14.7,7.8,2.3,1.1,1.1,0.453,0.381,0.722,32.2,2.1,0.4
1629026,2025,1610612760,69,6.3,3.5,1.4,0.6,0.1,0.483,0.386,0.718,16.4,0.6,0.2
1629027,2025,1610612737,76,24.2,3.1,11.6,1.2,0.2,0.411,0.34,0.875,36.0,4.7,0.5
1629028,2025,1610612757,40,14.4,10.2,1.6,0.8,1.0,0.566,0.188,0.667,30.1,1.7,0.7
1629029,2025,1610612747,50,28.2,8.2,7.7,1.8,0.4,0.45,0.368,0.782,35.4,3.6,0.9
1629048,2025,1610612753,70,7.2,6.6,2.0,0.7,1.4,0.611,0.107,0.639,20.4,1.0,0.2
1629052,2025,1610612755,6,8.7,3.7,0.7,0.7,0.5,0.487,0.333,0.571,23.7,1.3,2.2
1629056,2025,1610612758,1,0.0,1.0,1.0,0.0,0.0,0.0,0.0,0.0,7.9,0.0,2.0
1629057,2025,1610612757,20,5.8,5.9,1.1,0.7,1.7,0.641,0.333,0.882,17.6,0.9,0.7
1629060,2025,1610612747,59,13.1,5.0,1.4,0.8,0.4,0.509,0.413,0.77,31.7,0.8,0.3
1629098,2025,1610612745,9,1.6,0.6,0.1,0.0,0.2,0.294,0.308,0.0,4.8,0.2,0.3
1629111,2025,1610612745,42,4.8,3.3,0.9,0.3,0.2,0.533,0.423,0.675,11.9,0.5,0.2
1629130,2025,1610612748,74,11.0,2.3,2.4,0.5,0.1,0.437,0.393,0.887,24.1,1.2,0.2
1629162,2025,1610612759,46,2.1,0.7,1.1,0.3,0.0,0.431,0.413,0.773,6.8,0.3,0.1
1629216,2025,1610612747,72,6.4,1.3,1.4,0.7,0.2,0.4,0.353,0.714,21.2,0.6,0.1
1629234,2025,1610612746,61,4.6,3.7,0.9,0.2,0.6,0.593,0.5,0.662,12.2,0.7,0.2
1629312,2025,1610612748,74,6.5,3.4,1.5,0.9,0.5,0.458,0.382,0.721,24.6,0.7,0.2
1629599,2025,1610612746,72,9.7,2.2,1.1,0.6,0.1,0.471,0.409,0.891,24.3,0.6,0.2
1629610,2025,1610612766,47,6.7,2.9,1.1,0.6,0.5,0.405,0.335,0.8,22.8,0.7,0.2
1629611,2025,1610612737,67,7.7,3.0,1.8,0.7,0.2,0.496,0.368,0.691,21.1,0.7,0.2
1629614,2025,1610612754,65,10.0,3.3,5.0,1.2,0.2,0.458,0.291,0.794,28.9,1.7,0.3
1629618,2025,1610612743,49,4.1,1.4,2.2,0.4,0.1,0.428,0.396,0.75,13.6,0.5,0.2
1629622,2025,1610612739,50,9.4,4.3,3.2,0.5,0.2,0.442,0.386,0.824,25.5,1.1,0.3
1629626,2025,1610612756,36,6.8,2.9,0.6,0.3,0.7,0.525,0.344,0.769,12.5,0.6,0.3
1629627,2025,1610612740,30,24.6,7.2,5.3,1.2,0.9,0.567,0.231,0.656,28.6,3.0,1.2
1629628,2025,1610612761,58,21.1,6.3,5.4,0.8,0.3,0.468,0.35,0.63,32.2,2.8,0.5
1629629,2025,1610612747,33,3.2,2.0,0.7,1.0,0.3,0.404,0.277,0.615,17.9,0.4,0.2
1629630,2025,1610612763,50,23.2,4.1,7.3,1.2,0.2,0.454,0.309,0.824,30.4,3.7,0.6
1629631,2025,1610612739,64,17.0,4.0,1.4,0.8,0.2,0.47,0.405,0.846,27.2,1.3,0.3
1629632,2025,1610612741,74,20.4,3.7,4.5,0.9,0.2,0.453,0.37,0.902,33.1,2.4,0.4
1629634,2025,1610612763,64,8.3,5.1,1.0,0.8,0.6,0.621,0.059,0.701,18.9,0.6,0.2
1629636,2025,1610612739,75,20.6,2.9,6.7,1.2,0.1,0.472,0.401,0.878,30.7,2.5,0.4
1629637,2025,1610612747,56,6.8,4.8,1.0,0.6,0.9,0.722,0.0,0.622,19.5,0.8,0.2
1629638,2025,1610612750,82,9.4,3.2,2.7,0.6,0.4,0.438,0.381,0.78,25.3,1.2,0.2
1629639,2025,1610612748,77,23.9,5.2,5.5,0.9,0.2,0.472,0.375,0.878,35.4,2.6,0.4
1629640,2025,1610612759,77,12.7,4.8,1.6,0.6,0.3,0.482,0.318,0.773,23.9,1.0,0.2
1629643,2025,1610612739,9,5.9,5.2,1.7,0.6,0.4,0.5,0.393,0.667,21.9,0.3,1.5
1629645,2025,1610612749,75,10.3,3.7,3.4,1.1,0.2,0.449,0.311,0.769,19.8,1.8,0.2
1629646,2025,1610612759,36,4.4,4.2,0.5,0.4,0.8,0.581,0.0,0.636,10.4,0.6,0.3
1629650,2025,1610612742,13,5.8,3.4,0.2,0.5,0.3,0.694,0.0,0.727,9.1,0.8,0.7
1629651,2025,1610612751,70,10.3,7.4,2.2,0.9,1.4,0.563,0.238,0.513,26.9,1.2,0.3
1629652,2025,1610612760,71,10.1,4.1,1.6,1.1,0.5,0.435,0.412,0.717,29.2,0.7,0.2
1629655,2025,1610612742,57,12.3,6.8,1.4,0.4,1.8,0.702,0.0,0.689,21.5,1.2,0.4
1629656,2025,1610612755,75,14.6,4.3,3.0,1.0,0.3,0.467,0.385,0.757,26.8,1.9,0.3
1629659,2025,1610612741,58,6.5,1.7,1.4,0.4,0.2,0.457,0.336,0.735,12.5,0.7,0.2
1629660,2025,1610612739,70,12.5,2.5,3.4,1.1,0.0,0.516,0.439,0.872,19.9,1.3,0.3
1629661,2025,1610612751,57,18.8,4.3,3.4,0.9,0.4,0.475,0.39,0.893,31.6,1.7,0.5
1629667,2025,1610612764,4,0.0,0.0,0.3,0.3,0.0,0.0,0.0,0.0,1.8,0.0,0.1
1629669,2025,1610612740,8,8.4,2.5,2.3,0.1,0.5,0.356,0.296,0.636,21.0,1.0,1.6
1629673,2025,1610612764,68,20.5,3.0,4.5,1.3,0.4,0.432,0.378,0.883,29.4,3.0,0.4
1629674,2025,1610612738,62,5.0,3.8,0.7,0.3,0.7,0.65,0.0,0.754,13.9,0.6,0.2
1629675,2025,1610612750,80,14.2,6.0,2.3,0.7,0.9,0.462,0.379,0.776,27.5,1.4,0.3
1629680,2025,1610612757,15,7.5,3.5,1.9,2.2,0.6,0.477,0.438,0.467,20.8,0.9,1.0
1629684,2025,1610612766,16,10.4,5.1,2.3,1.1,0.8,0.439,0.365,0.838,29.9,1.8,1.1
1629723,2025,1610612763,46,2.4,3.3,0.9,0.7,0.3,0.451,0.371,0.875,12.1,0.3,0.2
1629726,2025,1610612737,47,7.5,1.9,1.3,0.6,0.3,0.397,0.39,0.821,17.6,0.7,0.2
1629731,2025,1610612739,59,5.4,4.2,1.3,0.7,0.3,0.413,0.36,0.533,21.2,0.4,0.2
1629750,2025,1610612739,68,5.1,3.2,0.8,1.0,0.5,0.429,0.326,0.724,18.5,0.5,0.1
1630162,2025,1610612750,79,27.6,5.7,4.5,1.2,0.6,0.447,0.395,0.837,36.3,3.2,0.5
1630163,2025,1610612766,47,25.2,4.9,7.4,1.1,0.3,0.405,0.339,0.843,32.0,3.6,0.8
1630164,2025,1610612754,1,6.0,1.0,0.0,0.0,0.0,0.5,0.0,1.0,4.6,0.0,7.0
1630165,2025,1610612751,6,9.0,3.0,5.2,0.7,0.7,0.419,0.381,0.833,27.1,1.5,2.8
1630166,2025,1610612757,72,16.9,7.3,3.9,1.0,0.5,0.476,0.365,0.78,30.0,2.7,0.4
1630167,2025,1610612754,79,10.5,4.0,1.6,0.6,0.4,0.529,0.365,0.781,19.6,0.9,0.2
1630168,2025,1610612737,74,13.4,8.9,2.3,0.9,0.9,0.567,0.324,0.759,27.9,1.2,0.3
1630169,2025,1610612754,73,18.6,3.5,9.2,1.4,0.7,0.473,0.388,0.851,33.6,1.6,0.4
1630170,2025,1610612759,64,16.3,4.0,2.9,1.3,0.5,0.443,0.368,0.792,31.0,1.4,0.4
1630171,2025,1610612739,55,6.1,2.4,1.2,0.6,0.3,0.464,0.371,0.717,19.1,0.4,0.2
1630172,2025,1610612741,63,9.0,3.8,2.0,0.8,0.5,0.397,0.353,0.723,25.0,1.4,0.2
1630173,2025,1610612752,57,6.6,5.6,1.0,0.8,0.7,0.502,0.278,0.594,20.5,0.8,0.2
1630174,2025,1610612754,45,12.0,4.0,1.2,0.8,0.4,0.507,0.431,0.913,24.9,0.8,0.4
1630175,2025,1610612753,67,9.4,3.0,2.9,0.7,0.5,0.424,0.353,0.823,18.4,1.5,0.2
1630178,2025,1610612755,52,26.3,3.3,6.1,1.8,0.4,0.437,0.337,0.879,37.7,2.4,0.7
1630182,2025,1610612766,68,7.4,2.5,1.6,1.1,0.2,0.428,0.391,0.681,27.8,1.0,0.2
1630183,2025,1610612750,82,12.2,5.7,2.0,1.3,0.9,0.477,0.33,0.813,31.9,1.2,0.3
1630188,2025,1610612741,64,8.2,5.6,1.0,0.3,0.7,0.466,0.324,0.809,15.0,0.6,0.2
1630191,2025,1610612765,72,6.0,5.5,1.7,0.4,1.4,0.559,0.321,0.759,19.9,0.9,0.2
1630192,2025,1610612743,57,3.2,1.6,0.4,0.4,0.7,0.496,0.327,0.614,10.7,0.2,0.1
1630193,2025,1610612761,33,17.1,3.5,5.8,0.7,0.1,0.42,0.378,0.867,27.8,1.8,0.8
1630194,2025,1610612765,45,4.1,2.7,1.0,0.9,0.6,0.507,0.286,0.762,9.7,0.6,0.2
1630198,2025,1610612760,74,10.2,2.6,1.6,0.6,0.1,0.44,0.412,0.821,21.7,0.5,0.2
1630200,2025,1610612741,46,7.2,2.5,4.2,0.8,0.2,0.538,0.396,0.821,19.7,0.8,0.3
1630201,2025,1610612766,4,4.0,1.8,1.8,0.8,0.0,0.385,0.25,0.833,10.9,1.0,1.9
1630202,2025,1610612738,80,14.3,3.8,3.5,0.9,0.2,0.472,0.407,0.845,28.4,1.0,0.3
1630205,2025,1610612763,17,4.4,2.2,0.5,0.3,0.2,0.46,0.296,0.727,9.1,0.6,0.4
1630208,2025,1610612756,57,9.3,8.2,0.9,0.2,1.0,0.591,0.0,0.744,22.0,1.4,0.3
1630214,2025,1610612738,33,1.0,1.3,0.2,0.3,0.2,0.245,0.156,0.75,7.0,0.4,0.1
1630215,2025,1610612755,60,9.0,1.8,3.7,0.7,0.2,0.448,0.355,0.824,17.4,1.3,0.2
1630217,2025,1610612763,69,19.2,6.1,5.3,1.2,0.4,0.484,0.392,0.894,32.0,2.4,0.4
1630222,2025,1610612758,10,2.3,0.9,1.1,0.0,0.1,0.5,0.125,0.8,4.5,0.1,0.4
1630224,2025,1610612745,82,21.0,4.6,3.4,0.9,0.3,0.423,0.354,0.813,32.9,2.5,0.3
1630227,2025,1610612750,3,0.3,1.3,1.0,0.0,0.0,0.0,0.0,0.5,4.4,1.3,0.4
1630228,2025,1610612744,47,15.3,4.6,2.2,0.8,0.4,0.454,0.305,0.668,24.3,1.5,0.5
1630230,2025,1610612742,69,13.2,4.8,3.0,1.0,0.2,0.508,0.275,0.813,27.8,1.6,0.3
1630231,2025,1610612762,43,6.4,2.9,1.1,0.4,0.5,0.552,0.259,0.787,21.2,0.6,0.2
1630241,2025,1610612739,71,7.2,2.2,1.5,0.7,0.2,0.406,0.372,0.966,19.7,0.5,0.2
1630243,2025,1610612753,31,4.9,1.7,1.2,1.0,0.3,0.381,0.286,0.857,13.9,0.7,0.3
1630245,2025,1610612741,46,12.3,3.5,4.5,0.9,0.4,0.492,0.328,0.785,30.3,1.5,0.4
1630249,2025,1610612737,57,7.2,2.7,2.6,0.6,0.5,0.497,0.437,0.711,20.2,0.9,0.2
1630256,2025,1610612745,52,3.6,2.3,0.9,0.5,0.1,0.473,0.348,0.681,11.3,0.4,0.1
1630264,2025,1610612764,51,2.5,1.3,0.3,0.2,0.0,0.489,0.323,0.66,7.8,0.2,0.1
1630283,2025,1610612740,11,3.1,3.5,0.5,0.1,0.3,0.636,0.0,0.6,11.5,0.4,0.6
1630288,2025,1610612755,41,7.0,1.5,1.9,0.6,0.3,0.487,0.4,0.733,15.1,0.4,0.3
1630296,2025,1610612744,3,1.0,0.7,0.0,0.7,0.0,0.0,0.0,0.5,3.6,0.3,0.7
1630311,2025,1610612744,39,2.5,1.2,1.2,0.4,0.1,0.406,0.227,0.733,6.4,0.5,0.1
1630314,2025,1610612742,33,8.3,1.8,2.3,0.7,0.2,0.521,0.4,0.833,14.8,1.2,0.4
1630322,2025,1610612765,52,4.9,2.1,1.0,0.5,0.2,0.369,0.344,0.727,15.0,0.4,0.2
1630346,2025,1610612752,19,1.5,0.4,0.2,0.1,0.0,0.323,0.316,1.0,3.6,0.2,0.1
1630526,2025,1610612740,66,6.3,4.8,1.3,0.6,0.1,0.455,0.341,0.836,18.8,0.8,0.2
1630527,2025,1610612740,42,10.7,3.2,2.2,1.3,0.2,0.436,0.35,0.788,23.6,1.2,0.4
1630528,2025,1610612748,14,2.0,0.6,0.6,0.4,0.2,0.355,0.182,0.667,5.0,0.4,0.2
1630529,2025,1610612740,20,10.3,3.9,3.3,1.9,0.5,0.436,0.306,0.825,32.4,1.8,0.9
1630530,2025,1610612740,53,21.2,5.1,3.5,1.1,0.7,0.454,0.361,0.887,35.0,1.9,0.6
1630531,2025,1610612762,43,2.5,1.3,0.8,0.6,0.1,0.389,0.25,0.711,8.5,0.4,0.1
1630532,2025,1610612753,60,24.2,5.7,4.7,1.3,0.4,0.463,0.295,0.871,33.7,2.3,0.6
1630533,2025,1610612751,63,10.0,4.6,1.3,1.0,0.4,0.412,0.341,0.821,24.5,1.1,0.3
1630534,2025,1610612761,64,10.4,3.8,1.5,0.9,0.5,0.498,0.399,0.708,27.2,0.8,0.3
1630537,2025,1610612741,17,2.1,1.2,0.5,0.0,0.0,0.462,0.4,0.75,4.4,0.1,0.2
1630538,2025,1610612750,24,6.2,1.0,1.3,0.8,0.2,0.398,0.39,0.885,9.9,1.0,0.4
1630539,2025,1610612742,40,5.0,3.1,0.6,0.4,0.6,0.798,0.2,0.719,11.7,0.5,0.2
1630540,2025,1610612752,64,9.5,2.5,2.9,1.0,0.3,0.406,0.369,0.813,24.9,0.6,0.2
1630541,2025,1610612744,74,9.8,2.6,1.3,0.8,0.4,0.433,0.374,0.797,22.3,0.7,0.2
1630542,2025,1610612755,10,6.7,7.0,1.0,0.9,1.2,0.391,0.156,0.8,25.3,0.7,1.6
1630543,2025,1610612754,5,7.0,5.6,1.0,0.6,1.6,0.609,0.0,0.5,16.8,1.0,3.0
1630544,2025,1610612766,13,14.1,2.9,3.0,0.5,0.3,0.435,0.4,0.905,24.5,1.9,1.5
1630545,2025,1610612750,32,4.3,1.5,1.0,0.2,0.2,0.482,0.355,0.81,10.6,0.5,0.2
1630548,2025,1610612762,64,8.9,2.9,1.1,0.6,0.1,0.429,0.376,0.849,19.8,0.6,0.2
1630549,2025,1610612751,50,7.9,6.6,1.8,0.8,0.8,0.521,0.244,0.757,18.1,1.3,0.3
1630550,2025,1610612764,20,3.6,2.4,0.3,0.4,0.5,0.424,0.286,0.682,12.5,0.5,0.3
1630551,2025,1610612764,62,8.8,5.7,1.0,1.0,0.6,0.511,0.383,0.685,21.6,0.9,0.3
1630552,2025,1610612737,36,18.9,10.0,5.0,1.6,1.0,0.5,0.312,0.746,35.7,2.9,0.9
1630553,2025,1610612751,79,10.6,3.8,2.2,1.0,0.4,0.389,0.314,0.77,24.4,1.5,0.2
1630556,2025,1610612742,40,4.2,2.9,1.1,0.5,0.5,0.496,0.407,0.923,15.2,0.4,0.2
1630557,2025,1610612764,61,11.6,3.0,1.7,0.4,0.2,0.451,0.364,0.852,26.3,1.0,0.3
1630558,2025,1610612748,74,7.9,2.3,4.9,1.0,0.2,0.468,0.398,0.69,27.4,1.7,0.2
1630559,2025,1610612747,73,20.2,4.5,5.8,1.1,0.3,0.46,0.377,0.877,34.9,2.4,0.4
1630560,2025,1610612751,25,24.0,3.3,3.8,0.6,0.1,0.438,0.349,0.881,31.2,2.5,1.2
1630561,2025,1610612759,6,2.7,0.8,0.7,0.2,0.0,0.429,0.5,0.5,5.6,0.3,0.7
1630567,2025,1610612761,65,19.3,7.7,5.8,1.4,1.0,0.446,0.271,0.755,32.8,2.8,0.5
1630568,2025,1610612750,39,3.5,1.4,0.3,0.2,0.1,0.495,0.278,0.686,5.6,0.3,0.1
1630570,2025,1610612751,44,10.2,3.6,2.6,0.6,0.3,0.469,0.33,0.762,20.7,1.9,0.4
1630572,2025,1610612759,61,6.3,3.1,0.8,0.3,0.3,0.502,0.373,0.741,11.2,0.4,0.2
1630573,2025,1610612738,71,8.5,3.2,0.9,0.6,0.2,0.451,0.416,1.0,21.7,0.3,0.2
1630574,2025,1610612752,25,1.9,2.0,0.4,0.0,0.6,0.677,0.0,0.462,8.7,0.8,0.2
1630577,2025,1610612759,82,9.9,3.9,1.4,0.7,0.4,0.415,0.371,0.904,23.6,0.9,0.2
1630578,2025,1610612745,76,19.1,10.3,4.9,1.1,0.8,0.496,0.233,0.692,31.5,2.6,0.4
1630579,2025,1610612749,53,1.8,3.7,0.6,0.2,0.4,0.634,0.0,0.615,11.9,0.6,0.1
1630581,2025,1610612741,70,14.6,8.1,7.2,1.2,0.6,0.465,0.378,0.781,30.2,2.9,0.4
1630583,2025,1610612763,65,12.5,6.4,2.9,0.8,0.4,0.483,0.368,0.691,25.5,1.1,0.3
1630585,2025,1610612766,4,7.0,1.5,3.3,0.8,0.5,0.407,0.375,0.75,19.8,1.5,2.9
1630590,2025,1610612763,79,9.9,3.3,4.4,1.3,0.4,0.48,0.397,0.713,21.3,1.7,0.2
1630591,2025,1610612753,35,16.2,4.0,3.7,1.5,0.9,0.41,0.314,0.882,28.6,2.9,0.7
1630592,2025,1610612751,79,9.5,3.4,1.8,0.5,0.1,0.397,0.337,0.818,25.7,1.0,0.2
1630595,2025,1610612765,70,26.1,6.1,9.1,1.0,0.8,0.469,0.356,0.846,35.0,4.4,0.6
1630596,2025,1610612739,71,18.5,9.3,3.2,0.9,1.6,0.557,0.37,0.725,30.5,2.0,0.4
1630598,2025,1610612760,76,12.0,3.9,1.8,0.8,0.2,0.488,0.383,0.831,22.9,0.9,0.2
1630600,2025,1610612755,1,6.0,4.0,5.0,1.0,1.0,0.286,0.333,0.5,17.4,0.0,17.0
1630604,2025,1610612741,12,1.8,0.8,0.3,0.1,0.1,0.533,0.3,1.0,4.4,0.2,0.2
1630611,2025,1610612744,56,4.1,3.1,1.4,0.4,0.2,0.458,0.33,0.69,13.6,0.8,0.1
1630618,2025,1610612761,4,0.8,1.0,0.8,0.5,0.0,0.143,0.0,1.0,8.3,1.0,0.5
1630623,2025,1610612751,7,7.9,1.3,1.7,0.4,0.1,0.327,0.295,0.8,21.6,1.1,1.5
1630625,2025,1610612757,67,8.3,2.0,2.4,0.6,0.5,0.391,0.324,0.728,16.7,1.3,0.2
1630631,2025,1610612740,56,10.3,2.4,4.6,1.3,0.3,0.392,0.359,0.811,24.4,1.5,0.3
1630639,2025,1610612761,26,9.1,3.3,1.2,0.5,0.2,0.421,0.327,0.683,18.7,0.6,0.5
1630643,2025,1610612763,64,6.9,2.0,0.6,0.3,0.9,0.515,0.405,0.786,11.7,0.5,0.2
1630644,2025,1610612753,2,0.0,0.5,1.5,0.0,0.0,0.0,0.0,0.0,5.1,0.0,1.0
1630649,2025,1610612749,22,0.7,0.8,0.2,0.1,0.3,0.192,0.2,0.5,3.9,0.1,0.1
1630658,2025,1610612761,26,4.7,4.7,1.1,0.3,0.4,0.469,0.125,0.763,16.6,0.9,0.4
1630678,2025,1610612758,3,0.0,0.3,0.7,0.0,0.0,0.0,0.0,0.0,2.1,0.0,0.3
1630692,2025,1610612747,29,5.6,3.9,1.4,1.0,0.4,0.438,0.382,0.818,18.7,0.9,0.4
1630695,2025,1610612762,38,4.3,4.3,0.8,0.4,0.4,0.422,0.316,0.85,18.6,0.8,0.2
1630696,2025,1610612748,14,6.2,2.6,1.6,1.5,0.4,0.508,0.533,0.75,19.2,1.2,0.8
1630699,2025,1610612752,35,2.3,1.3,0.3,0.1,0.0,0.415,0.345,0.75,4.5,0.4,0.1
1630700,2025,1610612737,76,14.1,5.9,4.4,3.0,0.7,0.493,0.34,0.593,33.8,2.0,0.3
1630702,2025,1610612742,57,8.7,1.6,1.4,0.5,0.1,0.435,0.386,0.698,15.9,1.4,0.2
1630703,2025,1610612757,66,12.7,3.0,5.1,1.0,0.2,0.419,0.354,0.767,26.7,2.7,0.3
1630762,2025,1610612755,5,1.6,1.6,0.4,0.2,0.4,0.143,0.0,1.0,8.9,0.2,0.8
1630811,2025,1610612737,31,5.4,1.6,2.6,0.9,0.3,0.401,0.329,1.0,16.2,1.1,0.3
1631093,2025,1610612765,30,17.6,4.1,4.0,0.9,0.4,0.46,0.409,0.733,29.9,3.0,0.8
1631094,2025,1610612753,46,25.9,7.5,4.8,0.8,0.6,0.452,0.32,0.727,34.4,3.0,0.8
1631095,2025,1610612745,57,12.2,7.0,1.1,0.4,0.7,0.438,0.354,0.825,30.1,1.1,0.4
1631096,2025,1610612760,32,15.0,8.0,2.0,0.7,2.2,0.49,0.379,0.754,27.4,1.8,0.8
1631097,2025,1610612754,72,16.1,5.3,1.9,0.7,0.3,0.458,0.34,0.831,29.9,1.9,0.3
1631098,2025,1610612764,34,2.4,1.1,0.3,0.4,0.2,0.41,0.241,0.6,7.1,0.2,0.1
1631099,2025,1610612758,76,12.4,6.7,1.4,0.8,0.9,0.444,0.343,0.833,34.3,0.8,0.3
1631101,2025,1610612757,72,18.5,4.5,2.8,0.9,0.2,0.452,0.311,0.785,31.3,2.1,0.3
1631102,2025,1610612756,16,2.2,0.8,1.0,0.2,0.0,0.311,0.19,0.5,7.4,0.2,0.2
1631103,2025,1610612759,47,5.0,1.1,0.8,0.2,0.0,0.458,0.405,0.818,9.1,0.7,0.1
1631104,2025,1610612759,58,3.7,1.1,2.0,0.6,0.1,0.435,0.293,0.623,11.8,0.9,0.1
1631105,2025,1610612765,78,11.8,10.3,2.7,0.7,1.1,0.692,0.0,0.669,26.1,1.7,0.3
1631106,2025,1610612745,57,12.0,6.4,1.5,1.7,0.9,0.487,0.342,0.76,24.9,1.1,0.4
1631107,2025,1610612748,46,10.7,3.9,2.8,0.8,0.3,0.456,0.371,0.828,25.1,1.3,0.4
1631108,2025,1610612742,78,9.6,3.3,1.9,0.8,0.4,0.427,0.366,0.855,27.3,1.1,0.2
1631109,2025,1610612766,44,15.3,10.2,2.5,0.7,1.2,0.604,0.0,0.804,26.6,1.6,0.6
1631110,2025,1610612759,54,11.4,6.5,2.4,0.8,0.5,0.535,0.308,0.696,25.3,1.6,0.4
1631111,2025,1610612766,36,4.2,2.6,1.2,0.6,0.1,0.468,0.341,0.818,13.9,0.8,0.2
1631114,2025,1610612760,69,21.6,5.3,5.1,1.6,0.7,0.484,0.365,0.789,32.4,2.2,0.5
1631115,2025,1610612761,44,6.9,5.0,1.8,0.4,0.4,0.444,0.327,0.771,17.5,1.1,0.3
1631116,2025,1610612746,24,2.2,1.0,0.1,0.1,0.1,0.543,0.565,0.5,4.4,0.2,0.1
1631117,2025,1610612762,58,11.1,12.2,1.7,0.6,2.4,0.663,0.176,0.52,30.0,1.5,0.5
1631119,2025,1610612760,47,5.9,5.6,2.6,0.5,0.6,0.439,0.399,0.767,16.7,0.7,0.3
1631120,2025,1610612738,16,2.1,0.8,0.8,0.3,0.1,0.353,0.222,0.714,5.8,0.8,0.2
1631121,2025,1610612757,13,1.0,0.2,0.2,0.1,0.0,0.286,0.0,0.833,2.5,0.3,0.1
1631123,2025,1610612749,5,3.4,1.0,2.0,0.8,0.4,0.5,0.2,0.667,12.3,1.6,1.2
1631124,2025,1610612743,65,9.0,2.2,1.3,0.6,0.2,0.432,0.349,0.822,21.3,0.9,0.2
1631127,2025,1610612759,5,0.8,1.8,0.6,0.6,0.0,0.5,0.0,0.0,7.0,0.2,0.7
1631128,2025,1610612743,79,15.4,5.2,2.6,1.1,0.5,0.58,0.397,0.827,33.9,1.0,0.3
1631131,2025,1610612762,14,7.6,8.7,0.6,0.9,0.1,0.6,0.0,0.742,18.2,0.7,1.2
1631132,2025,1610612747,37,2.4,2.5,0.4,0.2,0.4,0.606,0.0,0.714,9.2,0.3,0.2
1631133,2025,1610612757,60,5.2,3.5,0.6,0.6,0.1,0.515,0.389,0.69,12.5,0.6,0.2
1631157,2025,1610612749,56,6.2,1.9,1.9,0.8,0.3,0.487,0.408,0.8,14.6,0.9,0.2
1631159,2025,1610612750,13,1.5,0.8,0.0,0.2,0.1,0.4,0.0,1.0,2.4,0.2,0.2
1631165,2025,1610612758,80,8.3,2.7,1.5,1.5,0.8,0.489,0.433,0.849,24.4,0.9,0.2
1631166,2025,1610612751,9,12.1,7.2,2.2,0.4,0.1,0.441,0.257,0.625,28.2,1.7,2.3
1631169,2025,1610612750,46,2.6,1.0,0.4,0.3,0.3,0.489,0.326,0.895,6.0,0.2,0.1
1631170,2025,1610612748,66,8.6,4.4,2.5,0.9,0.2,0.461,0.311,0.754,20.7,1.5,0.2
1631172,2025,1610612760,37,3.8,2.2,0.8,0.5,0.2,0.432,0.324,0.688,10.9,0.5,0.2
1631197,2025,1610612761,14,8.4,3.0,1.1,0.7,0.1,0.483,0.308,0.88,16.2,0.6,0.9
1631199,2025,1610612765,1,4.0,7.0,2.0,0.0,0.0,0.125,0.0,1.0,17.0,0.0,13.0
1631200,2025,1610612757,69,4.2,2.6,1.0,0.5,0.2,0.419,0.225,0.456,15.1,0.6,0.1
1631204,2025,1610612765,57,6.6,1.2,2.3,0.6,0.1,0.463,0.382,0.843,14.2,0.9,0.2
1631207,2025,1610612741,73,4.5,1.7,1.3,0.6,0.2,0.448,0.356,0.71,13.5,0.7,0.1
1631209,2025,1610612766,20,6.0,1.6,1.4,0.6,0.0,0.39,0.394,0.735,13.3,0.9,0.4
1631210,2025,1610612737,17,1.4,0.9,0.4,0.1,0.0,0.409,0.5,0.0,4.4,0.2,0.2
1631212,2025,1610612743,68,8.1,3.4,1.4,0.7,1.4,0.477,0.353,0.693,24.3,0.8,0.2
1631213,2025,1610612751,60,8.7,3.7,2.0,0.6,0.2,0.406,0.351,0.793,21.9,1.2,0.2
1631214,2025,1610612765,1,5.0,0.0,1.0,0.0,0.0,1.0,1.0,0.0,3.7,0.0,6.0
1631216,2025,1610612753,58,4.1,1.3,0.6,0.4,0.1,0.421,0.4,0.882,13.6,0.2,0.1
1631217,2025,1610612766,71,5.7,6.2,0.8,0.6,0.6,0.596,0.0,0.595,17.5,0.9,0.2
1631218,2025,1610612744,62,6.6,5.0,1.7,0.4,0.6,0.576,0.0,0.578,15.6,0.7,0.2
1631221,2025,1610612756,33,5.9,2.4,2.4,0.6,0.2,0.43,0.433,0.864,14.0,0.5,0.3
1631222,2025,1610612758,66,6.9,3.9,2.4,0.9,0.3,0.475,0.423,0.678,20.4,1.3,0.2
1631223,2025,1610612745,33,4.6,2.5,1.1,0.4,0.3,0.456,0.311,0.769,12.4,0.7,0.2
1631230,2025,1610612737,35,4.2,2.4,0.5,0.3,0.5,0.531,0.259,0.636,10.7,0.1,0.2
1631232,2025,1610612740,14,10.1,4.1,0.9,0.7,0.7,0.486,0.326,0.733,23.7,0.9,1.1
1631243,2025,1610612737,33,6.0,4.2,0.8,0.8,1.0,0.421,0.259,0.762,16.1,0.5,0.4
1631245,2025,1610612754,28,5.8,1.6,1.9,0.8,0.2,0.475,0.375,0.775,13.6,0.6,0.3
1631246,2025,1610612763,27,6.6,3.6,2.0,0.4,0.3,0.401,0.274,0.792,18.5,1.2,0.4
1631247,2025,1610612739,12,1.0,1.7,0.7,0.1,0.1,0.25,0.0,1.0,7.3,0.7,0.2
1631248,2025,1610612738,31,3.6,2.1,1.1,0.5,0.1,0.355,0.317,0.75,12.4,0.4,0.2
1631250,2025,1610612749,13,2.9,1.6,0.8,0.2,0.2,0.438,0.375,0.5,10.6,0.3,0.4
1631255,2025,1610612740,42,7.7,5.0,1.1,0.5,1.0,0.574,0.318,0.773,18.8,1.0,0.3
1631260,2025,1610612749,73,7.4,2.4,1.5,0.5,0.1,0.429,0.427,0.815,22.7,0.5,0.2
1631288,2025,1610612740,37,5.3,2.3,0.6,0.6,0.2,0.43,0.325,0.68,13.6,0.6,0.2
1631301,2025,1610612766,6,7.0,1.0,2.0,0.5,0.2,0.429,0.4,0.8,18.6,1.3,1.6
1631303,2025,1610612757,19,0.9,0.5,0.4,0.3,0.1,0.381,0.2,0.0,5.3,0.3,0.1
1631306,2025,1610612761,10,5.9,2.7,0.3,0.4,0.2,0.349,0.319,0.0,17.0,0.4,0.9
1631311,2025,1610612740,13,6.6,1.5,1.8,0.2,0.2,0.397,0.295,0.846,14.1,1.1,0.7
1631321,2025,1610612757,22,1.5,1.0,0.7,0.1,0.0,0.433,0.231,0.333,5.2,0.5,0.1
1631323,2025,1610612765,75,5.9,2.9,0.9,0.4,0.2,0.402,0.335,0.833,16.5,0.7,0.1
1631342,2025,1610612737,6,7.2,1.8,0.3,0.0,0.0,0.64,0.529,1.0,11.9,0.7,1.4
1631386,2025,1610612757,2,3.0,4.0,0.5,1.0,0.0,0.2,0.25,0.5,9.9,1.0,3.8
1631466,2025,1610612745,20,3.3,0.7,0.5,0.4,0.2,0.435,0.231,0.625,7.3,0.7,0.2
1641705,2025,1610612759,46,24.3,11.0,3.7,1.1,3.8,0.476,0.352,0.836,33.2,3.2,0.9
1641706,2025,1610612766,27,21.0,4.9,3.6,1.1,0.7,0.403,0.355,0.861,34.2,2.8,1.1
1641707,2025,1610612762,3,4.7,5.0,0.7,1.7,1.3,0.222,0.25,0.75,24.8,0.7,4.2
1641708,2025,1610612745,69,14.1,8.2,3.8,1.4,1.3,0.557,0.275,0.684,32.3,2.0,0.4
1641709,2025,1610612765,59,10.1,5.1,2.3,1.7,0.7,0.535,0.224,0.641,22.5,1.4,0.3
1641710,2025,1610612753,78,9.4,2.9,3.1,1.1,0.6,0.423,0.318,0.761,24.2,1.8,0.2
1641711,2025,1610612761,54,14.4,3.6,1.8,0.9,0.2,0.41,0.35,0.858,29.4,1.5,0.4
1641712,2025,1610612757,52,3.0,1.3,0.5,0.3,0.1,0.408,0.271,0.767,8.8,0.6,0.1
1641713,2025,1610612763,29,7.2,3.2,1.0,0.4,0.2,0.372,0.337,0.725,15.8,1.1,0.4
1641715,2025,1610612745,51,9.4,3.0,1.0,0.6,0.3,0.444,0.355,0.75,16.2,0.9,0.3
1641716,2025,1610612754,75,6.1,3.1,1.5,0.7,0.3,0.472,0.405,0.667,15.8,1.0,0.1
1641717,2025,1610612760,68,8.4,3.4,2.5,1.8,0.5,0.474,0.356,0.811,27.6,0.9,0.2
1641718,2025,1610612762,67,16.8,3.8,5.6,0.7,0.1,0.391,0.343,0.818,31.5,2.7,0.4
1641720,2025,1610612755,15,7.1,1.8,2.5,0.3,0.5,0.378,0.304,0.857,21.0,1.2,0.7
1641721,2025,1610612751,28,4.1,2.0,0.7,0.3,0.3,0.417,0.38,0.7,11.7,0.5,0.2
1641722,2025,1610612740,56,10.8,2.8,1.2,0.5,0.4,0.372,0.331,0.816,23.6,1.0,0.3
1641723,2025,1610612737,10,5.3,2.1,1.7,0.3,0.2,0.383,0.211,0.722,12.4,0.8,0.9
1641724,2025,1610612753,60,4.5,1.2,0.7,0.2,0.2,0.374,0.296,0.696,11.7,0.6,0.1
1641725,2025,1610612743,24,1.3,0.5,0.5,0.1,0.0,0.317,0.176,0.75,4.9,0.2,0.1
1641726,2025,1610612742,36,8.7,7.5,2.4,0.6,1.6,0.702,0.0,0.63,23.1,1.1,0.5
1641727,2025,1610612751,20,5.7,1.5,0.6,0.3,0.1,0.406,0.446,0.6,12.3,0.8,0.4
1641729,2025,1610612762,71,10.9,3.0,1.5,0.6,0.1,0.459,0.422,0.89,20.2,1.5,0.2
1641730,2025,1610612751,46,9.1,3.9,0.9,0.5,0.5,0.358,0.333,0.838,22.7,1.0,0.3
1641731,2025,1610612764,59,12.3,5.0,3.4,1.3,0.7,0.421,0.281,0.746,33.0,2.1,0.3
1641732,2025,1610612764,39,4.0,2.2,1.1,0.7,0.3,0.457,0.327,0.657,13.2,0.6,0.2
1641733,2025,1610612766,60,9.9,2.1,2.4,0.3,0.1,0.391,0.34,0.935,22.8,1.4,0.2
1641734,2025,1610612739,10,3.7,0.7,0.8,0.1,0.1,0.342,0.367,0.0,7.5,0.2,0.5
1641736,2025,1610612751,36,2.6,1.1,1.8,0.9,0.1,0.327,0.175,0.762,13.0,0.6,0.2
1641737,2025,1610612755,58,5.8,4.2,0.5,0.4,1.2,0.703,0.0,0.67,15.6,1.1,0.2
1641738,2025,1610612746,40,1.9,1.6,0.6,0.2,0.1,0.458,0.231,0.714,6.8,0.3,0.1
1641739,2025,1610612757,78,11.3,5.8,2.2,1.5,0.6,0.458,0.375,0.722,32.7,1.4,0.3
1641740,2025,1610612750,40,4.1,1.3,0.7,0.9,0.1,0.467,0.431,0.784,13.0,0.2,0.2
1641741,2025,1610612755,73,7.3,2.9,1.3,0.4,0.2,0.382,0.258,0.804,17.1,0.7,0.2
1641744,2025,1610612763,66,9.2,8.3,1.0,0.5,1.3,0.58,0.346,0.709,21.5,1.3,0.3
1641745,2025,1610612760,37,1.8,0.7,0.3,0.2,0.1,0.26,0.194,0.5,5.5,0.1,0.1
1641748,2025,1610612749,67,3.4,2.7,1.2,0.5,0.2,0.477,0.395,0.5,14.6,0.9,0.1
1641752,2025,1610612765,8,1.9,0.9,0.9,0.3,0.1,0.6,0.4,0.5,5.3,0.1,0.5
1641753,2025,1610612749,21,1.4,1.7,0.2,0.2,0.0,0.333,0.0,0.75,5.0,0.3,0.2
1641755,2025,1610612752,4,1.5,2.0,0.5,0.3,0.3,0.286,0.0,1.0,7.3,0.0,1.1
1641757,2025,1610612746,37,4.1,1.6,0.9,0.5,0.1,0.433,0.211,0.8,11.4,0.7,0.2
1641763,2025,1610612741,79,4.6,2.1,0.5,0.5,0.3,0.446,0.327,0.789,14.2,0.3,0.1
1641764,2025,1610612744,64,11.7,5.1,3.4,1.1,0.2,0.445,0.372,0.758,26.8,1.2,0.3
1641765,2025,1610612742,52,3.9,2.4,0.8,0.5,0.1,0.402,0.235,0.645,11.2,0.3,0.1
1641766,2025,1610612741,4,2.0,1.5,0.3,0.0,0.0,0.571,0.0,0.0,5.4,0.3,0.9
1641767,2025,1610612754,63,5.3,2.8,1.3,0.6,0.2,0.418,0.342,0.889,19.5,0.3,0.2
1641772,2025,1610612739,5,7.2,4.2,0.4,0.0,0.2,0.406,0.2,0.727,12.7,0.4,2.3
1641774,2025,1610612764,35,9.4,3.7,1.1,0.3,0.7,0.496,0.373,0.776,14.6,1.2,0.4
1641775,2025,1610612738,52,1.6,1.3,0.4,0.2,0.2,0.361,0.273,0.583,7.8,0.3,0.1
1641779,2025,1610612756,8,1.1,0.5,0.0,0.0,0.0,0.286,0.286,0.75,3.8,0.5,0.1
1641783,2025,1610612753,74,7.2,3.3,1.5,0.4,0.2,0.412,0.335,0.873,22.0,0.8,0.2
1641787,2025,1610612751,28,9.5,4.3,2.0,0.9,0.4,0.427,0.312,0.753,23.7,1.4,0.6
1641789,2025,1610612742,16,1.5,0.3,0.4,0.1,0.1,0.391,0.364,0.5,3.5,0.3,0.1
1641790,2025,1610612743,19,1.7,1.2,0.2,0.0,0.2,0.583,0.25,0.75,3.5,0.1,0.2
1641794,2025,1610612760,54,2.5,2.2,1.1,0.3,0.1,0.383,0.254,0.607,10.2,0.5,0.1
1641796,2025,1610612748,55,4.6,1.7,1.2,0.6,0.1,0.438,0.337,0.672,14.2,0.4,0.1
1641798,2025,1610612764,16,4.9,2.8,1.1,0.6,0.0,0.419,0.304,0.9,14.9,0.8,0.5
1641801,2025,1610612741,6,1.7,1.3,0.3,0.2,0.0,0.5,0.0,1.0,4.1,0.0,0.6
1641803,2025,1610612750,8,0.4,0.5,0.3,0.1,0.0,0.125,0.0,1.0,2.0,0.3,0.1
1641809,2025,1610612738,25,2.2,1.6,0.5,0.2,0.1,0.415,0.394,0.778,7.4,0.3,0.2
1641810,2025,1610612740,44,6.9,1.4,0.9,0.5,0.1,0.456,0.395,0.8,15.0,0.7,0.2
1641815,2025,1610612748,3,0.0,0.7,0.0,0.3,0.0,0.0,0.0,0.0,1.9,0.0,0.3
1641816,2025,1610612743,51,2.6,1.5,0.4,0.2,0.1,0.375,0.311,0.75,7.8,0.3,0.1
1641817,2025,1610612752,9,0.9,0.3,0.2,0.1,0.0,0.444,0.0,0.0,2.5,0.2,0.1
1641824,2025,1610612741,80,8.6,3.5,1.0,0.4,0.9,0.454,0.361,0.815,18.9,0.9,0.2
1641842,2025,1610612765,81,6.4,2.7,1.0,0.6,0.2,0.474,0.238,0.754,15.6,0.9,0.1
1641854,2025,1610612739,51,3.7,1.3,1.4,0.3,0.3,0.514,0.438,0.719,10.1,0.7,0.1
1641857,2025,1610612749,13,0.7,0.9,0.2,0.2,0.2,0.25,0.0,0.5,4.4,0.5,0.1
1641871,2025,1610612757,46,4.2,2.0,0.6,0.3,0.3,0.422,0.321,0.909,10.2,0.3,0.2
1641878,2025,1610612766,15,7.3,3.3,3.7,1.0,0.1,0.323,0.214,0.867,24.7,2.1,0.9
1641879,2025,1610612744,2,1.0,1.5,2.0,1.0,0.0,0.333,0.0,0.0,8.2,0.0,2.8
1641890,2025,1610612749,23,2.9,1.1,0.2,0.1,0.2,0.48,0.433,0.75,5.3,0.3,0.2
1641936,2025,1610612738,3,2.3,3.0,0.0,0.7,0.3,0.222,0.286,0.5,11.6,0.0,2.1
1641989,2025,1610612762,10,3.2,2.1,0.8,1.0,0.1,0.314,0.28,0.5,13.8,0.3,0.7
1641998,2025,1610612747,38,2.5,2.8,0.4,0.2,0.4,0.554,0.0,0.394,10.3,0.6,0.2
1642024,2025,1610612755,15,5.1,3.1,0.3,0.7,0.7,0.481,0.366,0.75,14.4,0.4,0.6
1642050,2025,1610612744,6,3.7,1.8,0.7,0.7,0.0,0.471,0.3,0.5,8.6,0.2,1.1
1642258,2025,1610612737,75,12.6,3.6,1.2,0.7,0.5,0.458,0.355,0.711,24.6,1.2,0.2
1642259,2025,1610612764,67,13.0,6.5,2.4,0.7,1.5,0.394,0.308,0.679,27.1,1.7,0.3
1642261,2025,1610612747,78,9.1,2.8,0.8,0.3,0.1,0.461,0.376,0.762,19.2,0.5,0.2
1642262,2025,1610612762,50,4.6,2.3,1.2,0.5,0.3,0.323,0.259,0.725,21.2,0.9,0.2
1642263,2025,1610612745,52,4.4,1.5,1.4,0.7,0.3,0.351,0.338,0.813,12.6,0.7,0.1
1642264,2025,1610612759,81,14.7,3.7,4.1,0.9,0.3,0.428,0.285,0.724,26.7,2.2,0.3
1642265,2025,1610612750,49,4.5,1.0,2.0,0.4,0.0,0.441,0.338,0.533,10.5,1.1,0.1
1642266,2025,1610612761,52,8.6,3.1,1.6,0.8,0.2,0.405,0.349,0.795,21.2,1.0,0.3
1642267,2025,1610612764,82,9.8,4.2,4.4,0.7,0.3,0.401,0.339,0.812,30.0,1.7,0.2
1642268,2025,1610612762,71,8.7,3.3,6.3,0.9,0.2,0.422,0.249,0.682,25.9,2.9,0.2
1642269,2025,1610612758,36,3.8,2.1,1.1,0.6,0.1,0.37,0.295,0.591,11.0,0.5,0.2
1642270,2025,1610612757,67,6.5,7.9,1.1,0.5,1.6,0.539,0.286,0.596,19.8,1.1,0.2
1642271,2025,1610612762,72,9.6,6.1,1.9,0.7,0.3,0.502,0.35,0.65,21.1,1.4,0.2
1642272,2025,1610612755,23,15.3,2.4,2.6,0.7,0.0,0.46,0.383,0.875,25.7,1.6,0.8
1642273,2025,1610612764,68,8.7,4.2,2.5,1.0,0.7,0.372,0.322,0.753,26.5,1.4,0.2
1642274,2025,1610612740,73,9.1,8.2,1.4,0.5,1.3,0.547,0.0,0.623,26.8,1.1,0.3
1642275,2025,1610612766,60,5.9,4.7,1.2,0.5,0.2,0.33,0.283,0.713,20.7,1.0,0.2
1642276,2025,1610612748,64,9.3,7.4,0.9,0.6,1.1,0.554,0.315,0.687,22.2,0.9,0.3
1642277,2025,1610612754,50,2.1,1.4,0.4,0.4,0.2,0.38,0.3,0.818,7.6,0.2,0.1
1642278,2025,1610612752,41,2.0,0.7,1.7,0.3,0.1,0.329,0.298,0.765,7.2,0.4,0.1
1642279,2025,1610612761,7,0.7,1.1,0.3,0.0,0.1,0.4,0.0,0.5,4.6,0.3,0.3
1642280,2025,1610612746,6,1.8,0.7,0.0,0.0,0.0,0.364,0.0,1.0,4.4,0.2,0.4
1642281,2025,1610612739,47,3.6,2.0,0.9,0.3,0.1,0.43,0.345,0.792,9.6,0.6,0.1
1642285,2025,1610612763,25,4.2,1.2,1.4,0.4,0.0,0.415,0.365,1.0,10.1,0.2,0.3
1642345,2025,1610612756,61,4.2,3.6,1.2,0.5,0.5,0.604,0.0,0.58,17.1,0.6,0.2
1642346,2025,1610612756,74,6.9,3.6,0.8,0.6,0.5,0.43,0.311,0.487,19.1,0.5,0.2
1642347,2025,1610612761,75,7.1,1.5,4.2,0.8,0.1,0.405,0.323,0.768,19.6,1.6,0.2
1642348,2025,1610612755,44,10.1,3.4,1.6,1.0,0.4,0.455,0.363,0.696,26.2,1.1,0.4
1642349,2025,1610612760,36,6.5,1.9,1.8,0.7,0.1,0.495,0.383,0.829,16.6,0.8,0.3
1642352,2025,1610612748,16,2.7,1.8,0.3,0.3,0.3,0.692,0.429,0.444,6.1,0.3,0.3
1642353,2025,1610612746,13,1.4,0.9,0.5,0.4,0.1,0.292,0.154,0.5,4.5,0.2,0.2
1642354,2025,1610612766,36,7.8,3.0,3.1,0.9,0.2,0.346,0.254,0.82,23.4,1.6,0.4
1642355,2025,1610612747,27,2.3,0.7,0.8,0.3,0.1,0.313,0.281,0.786,6.7,0.5,0.1
1642358,2025,1610612764,29,7.6,2.0,2.6,0.4,0.1,0.385,0.267,0.865,22.0,1.2,0.4
1642359,2025,1610612752,18,1.7,1.0,0.3,0.2,0.1,0.323,0.316,0.667,6.2,0.2,0.2
1642366,2025,1610612744,42,8.1,3.5,1.3,0.4,0.4,0.449,0.408,0.778,16.3,0.8,0.3
1642367,2025,1610612761,63,6.2,4.9,2.3,0.9,0.5,0.438,0.243,0.732,20.4,1.1,0.2
1642368,2025,1610612745,4,6.0,5.3,0.5,0.3,1.3,0.769,0.0,0.8,12.7,0.5,3.2
1642377,2025,1610612763,79,10.4,3.4,1.7,0.6,0.1,0.425,0.352,0.822,25.9,0.9,0.2
1642382,2025,1610612760,32,3.8,1.7,0.4,0.2,0.7,0.443,0.333,0.778,7.7,0.2,0.2
1642384,2025,1610612758,15,0.9,0.5,0.1,0.1,0.1,0.455,0.2,0.5,3.0,0.1,0.1
1642385,2025,1610612751,5,0.6,0.4,0.0,0.0,0.0,0.143,0.0,0.5,2.1,0.0,0.2
1642389,2025,1610612763,3,0.0,0.0,0.0,0.0,0.0,0.0,0.0,0.0,0.9,0.0,0.0
1642399,2025,1610612750,2,0.0,0.0,0.5,0.0,0.0,0.0,0.0,0.0,2.3,0.0,0.2
1642402,2025,1610612754,22,2.1,1.4,0.4,0.1,0.1,0.432,0.1,0.684,8.2,0.3,0.2
1642403,2025,1610612758,40,3.4,1.4,0.3,0.1,0.3,0.651,0.375,0.639,7.6,0.4,0.1
1642419,2025,1610612761,59,7.1,2.7,0.9,0.3,0.2,0.429,0.405,0.889,17.7,0.5,0.2
1642422,2025,1610612747,9,1.6,1.7,0.1,0.4,0.2,0.316,0.0,0.286,7.4,0.3,0.4
1642434,2025,1610612759,1,0.0,2.0,0.0,0.0,0.0,0.0,0.0,0.0,6.8,0.0,2.0
1642439,2025,1610612747,2,1.5,0.0,0.5,0.0,0.0,0.2,0.2,0.0,5.2,0.5,0.8
1642443,2025,1610612741,6,1.8,0.5,1.0,0.0,0.0,0.8,0.5,1.0,4.9,0.2,0.5
1642449,2025,1610612765,1,14.0,8.0,0.0,0.0,0.0,0.667,0.0,0.667,22.4,2.0,20.0
1642450,2025,1610612765,7,1.0,0.3,0.4,0.0,0.0,0.3,0.143,0.0,3.2,0.1,0.2
1642461,2025,1610612743,20,1.3,0.9,0.3,0.3,0.3,0.324,0.059,1.0,6.2,0.3,0.1
1642484,2025,1610612754,11,2.7,1.1,1.3,0.6,0.2,0.333,0.286,1.0,6.4,0.5,0.5
1642502,2025,1610612760,6,0.3,0.5,0.2,0.0,0.0,0.0,0.0,0.5,3.5,0.2,0.1
1642505,2025,1610612760,21,1.7,1.2,0.2,0.2,0.0,0.4,0.476,1.0,6.0,0.2,0.1
1642530,2025,1610612763,22,1.6,0.5,0.9,0.1,0.0,0.367,0.304,0.778,4.2,0.2,0.1
